metric,mean,std
ho_rate,5.8637999999999995,0.6681138226380289
hof_rate,0.8259200000000002,0.17947287260196185
pp_rate,1.41656,0.30828267547820465
capacity_avg,3.9837157228000004,0.024074847368749524
rlf_rate,0.09112,0.023290598961812896
reliability_pct,96.63541533333333,0.15696869372231448
prep_rate,39.181960000000004,1.695528975865644
res_reservation_pct,10.650229174603174,0.25994349325307387
reward,5730.9341140071765,117.98238360346016
total_steps,30000.0,0.0
total_minutes,5.0,0.0
composite_reward,3.8206671867723,0.022469367806116917
util_throughput,3.8457917713377725,0.018075452687043064
n_decisions,1648.3344000000002,47.72444984806004
